{"initial_reset_timestamp": 1599595628.177075, "timestamps": [1599595745.6547966], "episode_lengths": [200], "episode_rewards": [-200.0], "episode_types": ["t"]}